{"recall_3": 0.126954043042006, "recall_5": 0.16026416142156882, "map_cut_1": 0.07256454536547129, "recall_10": 0.20371640961918736, "map_cut_5": 0.10883589397285386, "ndcg_cut_100": 0.19820826769921365, "map_cut_100": 0.12386426602026246, "map_cut_10": 0.11631980463095433, "ndcg_cut_3": 0.13456069419358657, "ndcg_cut_5": 0.1446193044928926, "ndcg_cut_10": 0.15906254020182933, "ndcg_cut_1": 0.1419753086419753, "recall_1": 0.07256454536547129, "map_cut_3": 0.099335007128217, "recall_100": 0.3589928076039187}